lowResPath,highResPath
data/ISR/raw_data\low_res\0.png,data/ISR/raw_data\high_res\0.png
data/ISR/raw_data\low_res\1.png,data/ISR/raw_data\high_res\1.png
data/ISR/raw_data\low_res\10.png,data/ISR/raw_data\high_res\10.png
data/ISR/raw_data\low_res\100.png,data/ISR/raw_data\high_res\100.png
data/ISR/raw_data\low_res\101.png,data/ISR/raw_data\high_res\101.png
data/ISR/raw_data\low_res\102.png,data/ISR/raw_data\high_res\102.png
data/ISR/raw_data\low_res\103.png,data/ISR/raw_data\high_res\103.png
data/ISR/raw_data\low_res\104.png,data/ISR/raw_data\high_res\104.png
data/ISR/raw_data\low_res\105.png,data/ISR/raw_data\high_res\105.png
data/ISR/raw_data\low_res\106.png,data/ISR/raw_data\high_res\106.png
data/ISR/raw_data\low_res\107.png,data/ISR/raw_data\high_res\107.png
data/ISR/raw_data\low_res\108.png,data/ISR/raw_data\high_res\108.png
data/ISR/raw_data\low_res\109.png,data/ISR/raw_data\high_res\109.png
data/ISR/raw_data\low_res\11.png,data/ISR/raw_data\high_res\11.png
data/ISR/raw_data\low_res\110.png,data/ISR/raw_data\high_res\110.png
data/ISR/raw_data\low_res\111.png,data/ISR/raw_data\high_res\111.png
data/ISR/raw_data\low_res\112.png,data/ISR/raw_data\high_res\112.png
data/ISR/raw_data\low_res\113.png,data/ISR/raw_data\high_res\113.png
data/ISR/raw_data\low_res\114.png,data/ISR/raw_data\high_res\114.png
data/ISR/raw_data\low_res\115.png,data/ISR/raw_data\high_res\115.png
data/ISR/raw_data\low_res\116.png,data/ISR/raw_data\high_res\116.png
data/ISR/raw_data\low_res\117.png,data/ISR/raw_data\high_res\117.png
data/ISR/raw_data\low_res\118.png,data/ISR/raw_data\high_res\118.png
data/ISR/raw_data\low_res\119.png,data/ISR/raw_data\high_res\119.png
data/ISR/raw_data\low_res\12.png,data/ISR/raw_data\high_res\12.png
data/ISR/raw_data\low_res\120.png,data/ISR/raw_data\high_res\120.png
data/ISR/raw_data\low_res\121.png,data/ISR/raw_data\high_res\121.png
data/ISR/raw_data\low_res\122.png,data/ISR/raw_data\high_res\122.png
data/ISR/raw_data\low_res\123.png,data/ISR/raw_data\high_res\123.png
data/ISR/raw_data\low_res\124.png,data/ISR/raw_data\high_res\124.png
data/ISR/raw_data\low_res\125.png,data/ISR/raw_data\high_res\125.png
data/ISR/raw_data\low_res\126.png,data/ISR/raw_data\high_res\126.png
data/ISR/raw_data\low_res\127.png,data/ISR/raw_data\high_res\127.png
data/ISR/raw_data\low_res\128.png,data/ISR/raw_data\high_res\128.png
data/ISR/raw_data\low_res\129.png,data/ISR/raw_data\high_res\129.png
data/ISR/raw_data\low_res\13.png,data/ISR/raw_data\high_res\13.png
data/ISR/raw_data\low_res\130.png,data/ISR/raw_data\high_res\130.png
data/ISR/raw_data\low_res\131.png,data/ISR/raw_data\high_res\131.png
data/ISR/raw_data\low_res\132.png,data/ISR/raw_data\high_res\132.png
data/ISR/raw_data\low_res\133.png,data/ISR/raw_data\high_res\133.png
data/ISR/raw_data\low_res\134.png,data/ISR/raw_data\high_res\134.png
data/ISR/raw_data\low_res\135.png,data/ISR/raw_data\high_res\135.png
data/ISR/raw_data\low_res\136.png,data/ISR/raw_data\high_res\136.png
data/ISR/raw_data\low_res\137.png,data/ISR/raw_data\high_res\137.png
data/ISR/raw_data\low_res\138.png,data/ISR/raw_data\high_res\138.png
data/ISR/raw_data\low_res\139.png,data/ISR/raw_data\high_res\139.png
data/ISR/raw_data\low_res\14.png,data/ISR/raw_data\high_res\14.png
data/ISR/raw_data\low_res\140.png,data/ISR/raw_data\high_res\140.png
data/ISR/raw_data\low_res\141.png,data/ISR/raw_data\high_res\141.png
data/ISR/raw_data\low_res\142.png,data/ISR/raw_data\high_res\142.png
data/ISR/raw_data\low_res\143.png,data/ISR/raw_data\high_res\143.png
data/ISR/raw_data\low_res\144.png,data/ISR/raw_data\high_res\144.png
data/ISR/raw_data\low_res\145.png,data/ISR/raw_data\high_res\145.png
data/ISR/raw_data\low_res\146.png,data/ISR/raw_data\high_res\146.png
data/ISR/raw_data\low_res\147.png,data/ISR/raw_data\high_res\147.png
data/ISR/raw_data\low_res\148.png,data/ISR/raw_data\high_res\148.png
data/ISR/raw_data\low_res\149.png,data/ISR/raw_data\high_res\149.png
data/ISR/raw_data\low_res\15.png,data/ISR/raw_data\high_res\15.png
data/ISR/raw_data\low_res\150.png,data/ISR/raw_data\high_res\150.png
data/ISR/raw_data\low_res\151.png,data/ISR/raw_data\high_res\151.png
data/ISR/raw_data\low_res\152.png,data/ISR/raw_data\high_res\152.png
data/ISR/raw_data\low_res\153.png,data/ISR/raw_data\high_res\153.png
data/ISR/raw_data\low_res\154.png,data/ISR/raw_data\high_res\154.png
data/ISR/raw_data\low_res\155.png,data/ISR/raw_data\high_res\155.png
data/ISR/raw_data\low_res\156.png,data/ISR/raw_data\high_res\156.png
data/ISR/raw_data\low_res\157.png,data/ISR/raw_data\high_res\157.png
data/ISR/raw_data\low_res\158.png,data/ISR/raw_data\high_res\158.png
data/ISR/raw_data\low_res\159.png,data/ISR/raw_data\high_res\159.png
data/ISR/raw_data\low_res\16.png,data/ISR/raw_data\high_res\16.png
data/ISR/raw_data\low_res\160.png,data/ISR/raw_data\high_res\160.png
data/ISR/raw_data\low_res\161.png,data/ISR/raw_data\high_res\161.png
data/ISR/raw_data\low_res\162.png,data/ISR/raw_data\high_res\162.png
data/ISR/raw_data\low_res\163.png,data/ISR/raw_data\high_res\163.png
data/ISR/raw_data\low_res\164.png,data/ISR/raw_data\high_res\164.png
data/ISR/raw_data\low_res\165.png,data/ISR/raw_data\high_res\165.png
data/ISR/raw_data\low_res\166.png,data/ISR/raw_data\high_res\166.png
data/ISR/raw_data\low_res\167.png,data/ISR/raw_data\high_res\167.png
data/ISR/raw_data\low_res\168.png,data/ISR/raw_data\high_res\168.png
data/ISR/raw_data\low_res\169.png,data/ISR/raw_data\high_res\169.png
data/ISR/raw_data\low_res\17.png,data/ISR/raw_data\high_res\17.png
data/ISR/raw_data\low_res\170.png,data/ISR/raw_data\high_res\170.png
data/ISR/raw_data\low_res\171.png,data/ISR/raw_data\high_res\171.png
data/ISR/raw_data\low_res\172.png,data/ISR/raw_data\high_res\172.png
data/ISR/raw_data\low_res\173.png,data/ISR/raw_data\high_res\173.png
data/ISR/raw_data\low_res\174.png,data/ISR/raw_data\high_res\174.png
data/ISR/raw_data\low_res\175.png,data/ISR/raw_data\high_res\175.png
data/ISR/raw_data\low_res\176.png,data/ISR/raw_data\high_res\176.png
data/ISR/raw_data\low_res\177.png,data/ISR/raw_data\high_res\177.png
data/ISR/raw_data\low_res\178.png,data/ISR/raw_data\high_res\178.png
data/ISR/raw_data\low_res\179.png,data/ISR/raw_data\high_res\179.png
data/ISR/raw_data\low_res\18.png,data/ISR/raw_data\high_res\18.png
data/ISR/raw_data\low_res\180.png,data/ISR/raw_data\high_res\180.png
data/ISR/raw_data\low_res\181.png,data/ISR/raw_data\high_res\181.png
data/ISR/raw_data\low_res\182.png,data/ISR/raw_data\high_res\182.png
data/ISR/raw_data\low_res\183.png,data/ISR/raw_data\high_res\183.png
data/ISR/raw_data\low_res\184.png,data/ISR/raw_data\high_res\184.png
data/ISR/raw_data\low_res\185.png,data/ISR/raw_data\high_res\185.png
data/ISR/raw_data\low_res\186.png,data/ISR/raw_data\high_res\186.png
data/ISR/raw_data\low_res\187.png,data/ISR/raw_data\high_res\187.png
data/ISR/raw_data\low_res\188.png,data/ISR/raw_data\high_res\188.png
data/ISR/raw_data\low_res\189.png,data/ISR/raw_data\high_res\189.png
data/ISR/raw_data\low_res\19.png,data/ISR/raw_data\high_res\19.png
data/ISR/raw_data\low_res\190.png,data/ISR/raw_data\high_res\190.png
data/ISR/raw_data\low_res\191.png,data/ISR/raw_data\high_res\191.png
data/ISR/raw_data\low_res\192.png,data/ISR/raw_data\high_res\192.png
data/ISR/raw_data\low_res\193.png,data/ISR/raw_data\high_res\193.png
data/ISR/raw_data\low_res\194.png,data/ISR/raw_data\high_res\194.png
data/ISR/raw_data\low_res\195.png,data/ISR/raw_data\high_res\195.png
data/ISR/raw_data\low_res\196.png,data/ISR/raw_data\high_res\196.png
data/ISR/raw_data\low_res\197.png,data/ISR/raw_data\high_res\197.png
data/ISR/raw_data\low_res\198.png,data/ISR/raw_data\high_res\198.png
data/ISR/raw_data\low_res\199.png,data/ISR/raw_data\high_res\199.png
data/ISR/raw_data\low_res\2.png,data/ISR/raw_data\high_res\2.png
data/ISR/raw_data\low_res\20.png,data/ISR/raw_data\high_res\20.png
data/ISR/raw_data\low_res\200.png,data/ISR/raw_data\high_res\200.png
data/ISR/raw_data\low_res\201.png,data/ISR/raw_data\high_res\201.png
data/ISR/raw_data\low_res\202.png,data/ISR/raw_data\high_res\202.png
data/ISR/raw_data\low_res\203.png,data/ISR/raw_data\high_res\203.png
data/ISR/raw_data\low_res\204.png,data/ISR/raw_data\high_res\204.png
data/ISR/raw_data\low_res\205.png,data/ISR/raw_data\high_res\205.png
data/ISR/raw_data\low_res\206.png,data/ISR/raw_data\high_res\206.png
data/ISR/raw_data\low_res\207.png,data/ISR/raw_data\high_res\207.png
data/ISR/raw_data\low_res\208.png,data/ISR/raw_data\high_res\208.png
data/ISR/raw_data\low_res\209.png,data/ISR/raw_data\high_res\209.png
data/ISR/raw_data\low_res\21.png,data/ISR/raw_data\high_res\21.png
data/ISR/raw_data\low_res\210.png,data/ISR/raw_data\high_res\210.png
data/ISR/raw_data\low_res\211.png,data/ISR/raw_data\high_res\211.png
data/ISR/raw_data\low_res\212.png,data/ISR/raw_data\high_res\212.png
data/ISR/raw_data\low_res\213.png,data/ISR/raw_data\high_res\213.png
data/ISR/raw_data\low_res\214.png,data/ISR/raw_data\high_res\214.png
data/ISR/raw_data\low_res\215.png,data/ISR/raw_data\high_res\215.png
data/ISR/raw_data\low_res\216.png,data/ISR/raw_data\high_res\216.png
data/ISR/raw_data\low_res\217.png,data/ISR/raw_data\high_res\217.png
data/ISR/raw_data\low_res\218.png,data/ISR/raw_data\high_res\218.png
data/ISR/raw_data\low_res\219.png,data/ISR/raw_data\high_res\219.png
data/ISR/raw_data\low_res\22.png,data/ISR/raw_data\high_res\22.png
data/ISR/raw_data\low_res\220.png,data/ISR/raw_data\high_res\220.png
data/ISR/raw_data\low_res\221.png,data/ISR/raw_data\high_res\221.png
data/ISR/raw_data\low_res\222.png,data/ISR/raw_data\high_res\222.png
data/ISR/raw_data\low_res\223.png,data/ISR/raw_data\high_res\223.png
data/ISR/raw_data\low_res\224.png,data/ISR/raw_data\high_res\224.png
data/ISR/raw_data\low_res\225.png,data/ISR/raw_data\high_res\225.png
data/ISR/raw_data\low_res\226.png,data/ISR/raw_data\high_res\226.png
data/ISR/raw_data\low_res\227.png,data/ISR/raw_data\high_res\227.png
data/ISR/raw_data\low_res\228.png,data/ISR/raw_data\high_res\228.png
data/ISR/raw_data\low_res\229.png,data/ISR/raw_data\high_res\229.png
data/ISR/raw_data\low_res\23.png,data/ISR/raw_data\high_res\23.png
data/ISR/raw_data\low_res\230.png,data/ISR/raw_data\high_res\230.png
data/ISR/raw_data\low_res\231.png,data/ISR/raw_data\high_res\231.png
data/ISR/raw_data\low_res\232.png,data/ISR/raw_data\high_res\232.png
data/ISR/raw_data\low_res\233.png,data/ISR/raw_data\high_res\233.png
data/ISR/raw_data\low_res\234.png,data/ISR/raw_data\high_res\234.png
data/ISR/raw_data\low_res\235.png,data/ISR/raw_data\high_res\235.png
data/ISR/raw_data\low_res\236.png,data/ISR/raw_data\high_res\236.png
data/ISR/raw_data\low_res\237.png,data/ISR/raw_data\high_res\237.png
data/ISR/raw_data\low_res\238.png,data/ISR/raw_data\high_res\238.png
data/ISR/raw_data\low_res\239.png,data/ISR/raw_data\high_res\239.png
data/ISR/raw_data\low_res\24.png,data/ISR/raw_data\high_res\24.png
data/ISR/raw_data\low_res\240.png,data/ISR/raw_data\high_res\240.png
data/ISR/raw_data\low_res\241.png,data/ISR/raw_data\high_res\241.png
data/ISR/raw_data\low_res\242.png,data/ISR/raw_data\high_res\242.png
data/ISR/raw_data\low_res\243.png,data/ISR/raw_data\high_res\243.png
data/ISR/raw_data\low_res\244.png,data/ISR/raw_data\high_res\244.png
data/ISR/raw_data\low_res\245.png,data/ISR/raw_data\high_res\245.png
data/ISR/raw_data\low_res\246.png,data/ISR/raw_data\high_res\246.png
data/ISR/raw_data\low_res\247.png,data/ISR/raw_data\high_res\247.png
data/ISR/raw_data\low_res\248.png,data/ISR/raw_data\high_res\248.png
data/ISR/raw_data\low_res\249.png,data/ISR/raw_data\high_res\249.png
data/ISR/raw_data\low_res\25.png,data/ISR/raw_data\high_res\25.png
data/ISR/raw_data\low_res\250.png,data/ISR/raw_data\high_res\250.png
data/ISR/raw_data\low_res\251.png,data/ISR/raw_data\high_res\251.png
data/ISR/raw_data\low_res\252.png,data/ISR/raw_data\high_res\252.png
data/ISR/raw_data\low_res\253.png,data/ISR/raw_data\high_res\253.png
data/ISR/raw_data\low_res\254.png,data/ISR/raw_data\high_res\254.png
data/ISR/raw_data\low_res\255.png,data/ISR/raw_data\high_res\255.png
data/ISR/raw_data\low_res\256.png,data/ISR/raw_data\high_res\256.png
data/ISR/raw_data\low_res\257.png,data/ISR/raw_data\high_res\257.png
data/ISR/raw_data\low_res\258.png,data/ISR/raw_data\high_res\258.png
data/ISR/raw_data\low_res\259.png,data/ISR/raw_data\high_res\259.png
data/ISR/raw_data\low_res\26.png,data/ISR/raw_data\high_res\26.png
data/ISR/raw_data\low_res\260.png,data/ISR/raw_data\high_res\260.png
data/ISR/raw_data\low_res\261.png,data/ISR/raw_data\high_res\261.png
data/ISR/raw_data\low_res\262.png,data/ISR/raw_data\high_res\262.png
data/ISR/raw_data\low_res\263.png,data/ISR/raw_data\high_res\263.png
data/ISR/raw_data\low_res\264.png,data/ISR/raw_data\high_res\264.png
data/ISR/raw_data\low_res\265.png,data/ISR/raw_data\high_res\265.png
data/ISR/raw_data\low_res\266.png,data/ISR/raw_data\high_res\266.png
data/ISR/raw_data\low_res\267.png,data/ISR/raw_data\high_res\267.png
data/ISR/raw_data\low_res\268.png,data/ISR/raw_data\high_res\268.png
data/ISR/raw_data\low_res\269.png,data/ISR/raw_data\high_res\269.png
data/ISR/raw_data\low_res\27.png,data/ISR/raw_data\high_res\27.png
data/ISR/raw_data\low_res\270.png,data/ISR/raw_data\high_res\270.png
data/ISR/raw_data\low_res\271.png,data/ISR/raw_data\high_res\271.png
data/ISR/raw_data\low_res\272.png,data/ISR/raw_data\high_res\272.png
data/ISR/raw_data\low_res\273.png,data/ISR/raw_data\high_res\273.png
data/ISR/raw_data\low_res\274.png,data/ISR/raw_data\high_res\274.png
data/ISR/raw_data\low_res\275.png,data/ISR/raw_data\high_res\275.png
data/ISR/raw_data\low_res\276.png,data/ISR/raw_data\high_res\276.png
data/ISR/raw_data\low_res\277.png,data/ISR/raw_data\high_res\277.png
data/ISR/raw_data\low_res\278.png,data/ISR/raw_data\high_res\278.png
data/ISR/raw_data\low_res\279.png,data/ISR/raw_data\high_res\279.png
data/ISR/raw_data\low_res\28.png,data/ISR/raw_data\high_res\28.png
data/ISR/raw_data\low_res\280.png,data/ISR/raw_data\high_res\280.png
data/ISR/raw_data\low_res\281.png,data/ISR/raw_data\high_res\281.png
data/ISR/raw_data\low_res\282.png,data/ISR/raw_data\high_res\282.png
data/ISR/raw_data\low_res\283.png,data/ISR/raw_data\high_res\283.png
data/ISR/raw_data\low_res\284.png,data/ISR/raw_data\high_res\284.png
data/ISR/raw_data\low_res\285.png,data/ISR/raw_data\high_res\285.png
data/ISR/raw_data\low_res\286.png,data/ISR/raw_data\high_res\286.png
data/ISR/raw_data\low_res\287.png,data/ISR/raw_data\high_res\287.png
data/ISR/raw_data\low_res\288.png,data/ISR/raw_data\high_res\288.png
data/ISR/raw_data\low_res\289.png,data/ISR/raw_data\high_res\289.png
data/ISR/raw_data\low_res\29.png,data/ISR/raw_data\high_res\29.png
data/ISR/raw_data\low_res\290.png,data/ISR/raw_data\high_res\290.png
data/ISR/raw_data\low_res\291.png,data/ISR/raw_data\high_res\291.png
data/ISR/raw_data\low_res\292.png,data/ISR/raw_data\high_res\292.png
data/ISR/raw_data\low_res\293.png,data/ISR/raw_data\high_res\293.png
data/ISR/raw_data\low_res\294.png,data/ISR/raw_data\high_res\294.png
data/ISR/raw_data\low_res\295.png,data/ISR/raw_data\high_res\295.png
data/ISR/raw_data\low_res\296.png,data/ISR/raw_data\high_res\296.png
data/ISR/raw_data\low_res\297.png,data/ISR/raw_data\high_res\297.png
data/ISR/raw_data\low_res\298.png,data/ISR/raw_data\high_res\298.png
data/ISR/raw_data\low_res\299.png,data/ISR/raw_data\high_res\299.png
data/ISR/raw_data\low_res\3.png,data/ISR/raw_data\high_res\3.png
data/ISR/raw_data\low_res\30.png,data/ISR/raw_data\high_res\30.png
data/ISR/raw_data\low_res\300.png,data/ISR/raw_data\high_res\300.png
data/ISR/raw_data\low_res\301.png,data/ISR/raw_data\high_res\301.png
data/ISR/raw_data\low_res\302.png,data/ISR/raw_data\high_res\302.png
data/ISR/raw_data\low_res\303.png,data/ISR/raw_data\high_res\303.png
data/ISR/raw_data\low_res\304.png,data/ISR/raw_data\high_res\304.png
data/ISR/raw_data\low_res\305.png,data/ISR/raw_data\high_res\305.png
data/ISR/raw_data\low_res\306.png,data/ISR/raw_data\high_res\306.png
data/ISR/raw_data\low_res\307.png,data/ISR/raw_data\high_res\307.png
data/ISR/raw_data\low_res\308.png,data/ISR/raw_data\high_res\308.png
data/ISR/raw_data\low_res\309.png,data/ISR/raw_data\high_res\309.png
data/ISR/raw_data\low_res\31.png,data/ISR/raw_data\high_res\31.png
data/ISR/raw_data\low_res\310.png,data/ISR/raw_data\high_res\310.png
data/ISR/raw_data\low_res\311.png,data/ISR/raw_data\high_res\311.png
data/ISR/raw_data\low_res\312.png,data/ISR/raw_data\high_res\312.png
data/ISR/raw_data\low_res\313.png,data/ISR/raw_data\high_res\313.png
data/ISR/raw_data\low_res\314.png,data/ISR/raw_data\high_res\314.png
data/ISR/raw_data\low_res\315.png,data/ISR/raw_data\high_res\315.png
data/ISR/raw_data\low_res\316.png,data/ISR/raw_data\high_res\316.png
data/ISR/raw_data\low_res\317.png,data/ISR/raw_data\high_res\317.png
data/ISR/raw_data\low_res\318.png,data/ISR/raw_data\high_res\318.png
data/ISR/raw_data\low_res\319.png,data/ISR/raw_data\high_res\319.png
data/ISR/raw_data\low_res\32.png,data/ISR/raw_data\high_res\32.png
data/ISR/raw_data\low_res\320.png,data/ISR/raw_data\high_res\320.png
data/ISR/raw_data\low_res\321.png,data/ISR/raw_data\high_res\321.png
data/ISR/raw_data\low_res\322.png,data/ISR/raw_data\high_res\322.png
data/ISR/raw_data\low_res\323.png,data/ISR/raw_data\high_res\323.png
data/ISR/raw_data\low_res\324.png,data/ISR/raw_data\high_res\324.png
data/ISR/raw_data\low_res\325.png,data/ISR/raw_data\high_res\325.png
data/ISR/raw_data\low_res\326.png,data/ISR/raw_data\high_res\326.png
data/ISR/raw_data\low_res\327.png,data/ISR/raw_data\high_res\327.png
data/ISR/raw_data\low_res\328.png,data/ISR/raw_data\high_res\328.png
data/ISR/raw_data\low_res\329.png,data/ISR/raw_data\high_res\329.png
data/ISR/raw_data\low_res\33.png,data/ISR/raw_data\high_res\33.png
data/ISR/raw_data\low_res\330.png,data/ISR/raw_data\high_res\330.png
data/ISR/raw_data\low_res\331.png,data/ISR/raw_data\high_res\331.png
data/ISR/raw_data\low_res\332.png,data/ISR/raw_data\high_res\332.png
data/ISR/raw_data\low_res\333.png,data/ISR/raw_data\high_res\333.png
data/ISR/raw_data\low_res\334.png,data/ISR/raw_data\high_res\334.png
data/ISR/raw_data\low_res\335.png,data/ISR/raw_data\high_res\335.png
data/ISR/raw_data\low_res\336.png,data/ISR/raw_data\high_res\336.png
data/ISR/raw_data\low_res\337.png,data/ISR/raw_data\high_res\337.png
data/ISR/raw_data\low_res\338.png,data/ISR/raw_data\high_res\338.png
data/ISR/raw_data\low_res\339.png,data/ISR/raw_data\high_res\339.png
data/ISR/raw_data\low_res\34.png,data/ISR/raw_data\high_res\34.png
data/ISR/raw_data\low_res\340.png,data/ISR/raw_data\high_res\340.png
data/ISR/raw_data\low_res\341.png,data/ISR/raw_data\high_res\341.png
data/ISR/raw_data\low_res\342.png,data/ISR/raw_data\high_res\342.png
data/ISR/raw_data\low_res\343.png,data/ISR/raw_data\high_res\343.png
data/ISR/raw_data\low_res\344.png,data/ISR/raw_data\high_res\344.png
data/ISR/raw_data\low_res\345.png,data/ISR/raw_data\high_res\345.png
data/ISR/raw_data\low_res\346.png,data/ISR/raw_data\high_res\346.png
data/ISR/raw_data\low_res\347.png,data/ISR/raw_data\high_res\347.png
data/ISR/raw_data\low_res\348.png,data/ISR/raw_data\high_res\348.png
data/ISR/raw_data\low_res\349.png,data/ISR/raw_data\high_res\349.png
data/ISR/raw_data\low_res\35.png,data/ISR/raw_data\high_res\35.png
data/ISR/raw_data\low_res\350.png,data/ISR/raw_data\high_res\350.png
data/ISR/raw_data\low_res\351.png,data/ISR/raw_data\high_res\351.png
data/ISR/raw_data\low_res\352.png,data/ISR/raw_data\high_res\352.png
data/ISR/raw_data\low_res\353.png,data/ISR/raw_data\high_res\353.png
data/ISR/raw_data\low_res\354.png,data/ISR/raw_data\high_res\354.png
data/ISR/raw_data\low_res\355.png,data/ISR/raw_data\high_res\355.png
data/ISR/raw_data\low_res\356.png,data/ISR/raw_data\high_res\356.png
data/ISR/raw_data\low_res\357.png,data/ISR/raw_data\high_res\357.png
data/ISR/raw_data\low_res\358.png,data/ISR/raw_data\high_res\358.png
data/ISR/raw_data\low_res\359.png,data/ISR/raw_data\high_res\359.png
data/ISR/raw_data\low_res\36.png,data/ISR/raw_data\high_res\36.png
data/ISR/raw_data\low_res\360.png,data/ISR/raw_data\high_res\360.png
data/ISR/raw_data\low_res\361.png,data/ISR/raw_data\high_res\361.png
data/ISR/raw_data\low_res\362.png,data/ISR/raw_data\high_res\362.png
data/ISR/raw_data\low_res\363.png,data/ISR/raw_data\high_res\363.png
data/ISR/raw_data\low_res\364.png,data/ISR/raw_data\high_res\364.png
data/ISR/raw_data\low_res\365.png,data/ISR/raw_data\high_res\365.png
data/ISR/raw_data\low_res\366.png,data/ISR/raw_data\high_res\366.png
data/ISR/raw_data\low_res\367.png,data/ISR/raw_data\high_res\367.png
data/ISR/raw_data\low_res\368.png,data/ISR/raw_data\high_res\368.png
data/ISR/raw_data\low_res\369.png,data/ISR/raw_data\high_res\369.png
data/ISR/raw_data\low_res\37.png,data/ISR/raw_data\high_res\37.png
data/ISR/raw_data\low_res\370.png,data/ISR/raw_data\high_res\370.png
data/ISR/raw_data\low_res\371.png,data/ISR/raw_data\high_res\371.png
data/ISR/raw_data\low_res\372.png,data/ISR/raw_data\high_res\372.png
data/ISR/raw_data\low_res\373.png,data/ISR/raw_data\high_res\373.png
data/ISR/raw_data\low_res\374.png,data/ISR/raw_data\high_res\374.png
data/ISR/raw_data\low_res\375.png,data/ISR/raw_data\high_res\375.png
data/ISR/raw_data\low_res\376.png,data/ISR/raw_data\high_res\376.png
data/ISR/raw_data\low_res\377.png,data/ISR/raw_data\high_res\377.png
data/ISR/raw_data\low_res\378.png,data/ISR/raw_data\high_res\378.png
data/ISR/raw_data\low_res\379.png,data/ISR/raw_data\high_res\379.png
data/ISR/raw_data\low_res\38.png,data/ISR/raw_data\high_res\38.png
data/ISR/raw_data\low_res\380.png,data/ISR/raw_data\high_res\380.png
data/ISR/raw_data\low_res\381.png,data/ISR/raw_data\high_res\381.png
data/ISR/raw_data\low_res\382.png,data/ISR/raw_data\high_res\382.png
data/ISR/raw_data\low_res\383.png,data/ISR/raw_data\high_res\383.png
data/ISR/raw_data\low_res\384.png,data/ISR/raw_data\high_res\384.png
data/ISR/raw_data\low_res\385.png,data/ISR/raw_data\high_res\385.png
data/ISR/raw_data\low_res\386.png,data/ISR/raw_data\high_res\386.png
data/ISR/raw_data\low_res\387.png,data/ISR/raw_data\high_res\387.png
data/ISR/raw_data\low_res\388.png,data/ISR/raw_data\high_res\388.png
data/ISR/raw_data\low_res\389.png,data/ISR/raw_data\high_res\389.png
data/ISR/raw_data\low_res\39.png,data/ISR/raw_data\high_res\39.png
data/ISR/raw_data\low_res\390.png,data/ISR/raw_data\high_res\390.png
data/ISR/raw_data\low_res\391.png,data/ISR/raw_data\high_res\391.png
data/ISR/raw_data\low_res\392.png,data/ISR/raw_data\high_res\392.png
data/ISR/raw_data\low_res\393.png,data/ISR/raw_data\high_res\393.png
data/ISR/raw_data\low_res\394.png,data/ISR/raw_data\high_res\394.png
data/ISR/raw_data\low_res\395.png,data/ISR/raw_data\high_res\395.png
data/ISR/raw_data\low_res\396.png,data/ISR/raw_data\high_res\396.png
data/ISR/raw_data\low_res\397.png,data/ISR/raw_data\high_res\397.png
data/ISR/raw_data\low_res\398.png,data/ISR/raw_data\high_res\398.png
data/ISR/raw_data\low_res\399.png,data/ISR/raw_data\high_res\399.png
data/ISR/raw_data\low_res\4.png,data/ISR/raw_data\high_res\4.png
data/ISR/raw_data\low_res\40.png,data/ISR/raw_data\high_res\40.png
data/ISR/raw_data\low_res\400.png,data/ISR/raw_data\high_res\400.png
data/ISR/raw_data\low_res\401.png,data/ISR/raw_data\high_res\401.png
data/ISR/raw_data\low_res\402.png,data/ISR/raw_data\high_res\402.png
data/ISR/raw_data\low_res\403.png,data/ISR/raw_data\high_res\403.png
data/ISR/raw_data\low_res\404.png,data/ISR/raw_data\high_res\404.png
data/ISR/raw_data\low_res\405.png,data/ISR/raw_data\high_res\405.png
data/ISR/raw_data\low_res\406.png,data/ISR/raw_data\high_res\406.png
data/ISR/raw_data\low_res\407.png,data/ISR/raw_data\high_res\407.png
data/ISR/raw_data\low_res\408.png,data/ISR/raw_data\high_res\408.png
data/ISR/raw_data\low_res\409.png,data/ISR/raw_data\high_res\409.png
data/ISR/raw_data\low_res\41.png,data/ISR/raw_data\high_res\41.png
data/ISR/raw_data\low_res\410.png,data/ISR/raw_data\high_res\410.png
data/ISR/raw_data\low_res\411.png,data/ISR/raw_data\high_res\411.png
data/ISR/raw_data\low_res\412.png,data/ISR/raw_data\high_res\412.png
data/ISR/raw_data\low_res\413.png,data/ISR/raw_data\high_res\413.png
data/ISR/raw_data\low_res\414.png,data/ISR/raw_data\high_res\414.png
data/ISR/raw_data\low_res\415.png,data/ISR/raw_data\high_res\415.png
data/ISR/raw_data\low_res\416.png,data/ISR/raw_data\high_res\416.png
data/ISR/raw_data\low_res\417.png,data/ISR/raw_data\high_res\417.png
data/ISR/raw_data\low_res\418.png,data/ISR/raw_data\high_res\418.png
data/ISR/raw_data\low_res\419.png,data/ISR/raw_data\high_res\419.png
data/ISR/raw_data\low_res\42.png,data/ISR/raw_data\high_res\42.png
data/ISR/raw_data\low_res\420.png,data/ISR/raw_data\high_res\420.png
data/ISR/raw_data\low_res\421.png,data/ISR/raw_data\high_res\421.png
data/ISR/raw_data\low_res\422.png,data/ISR/raw_data\high_res\422.png
data/ISR/raw_data\low_res\423.png,data/ISR/raw_data\high_res\423.png
data/ISR/raw_data\low_res\424.png,data/ISR/raw_data\high_res\424.png
data/ISR/raw_data\low_res\425.png,data/ISR/raw_data\high_res\425.png
data/ISR/raw_data\low_res\426.png,data/ISR/raw_data\high_res\426.png
data/ISR/raw_data\low_res\427.png,data/ISR/raw_data\high_res\427.png
data/ISR/raw_data\low_res\428.png,data/ISR/raw_data\high_res\428.png
data/ISR/raw_data\low_res\429.png,data/ISR/raw_data\high_res\429.png
data/ISR/raw_data\low_res\43.png,data/ISR/raw_data\high_res\43.png
data/ISR/raw_data\low_res\430.png,data/ISR/raw_data\high_res\430.png
data/ISR/raw_data\low_res\431.png,data/ISR/raw_data\high_res\431.png
data/ISR/raw_data\low_res\432.png,data/ISR/raw_data\high_res\432.png
data/ISR/raw_data\low_res\433.png,data/ISR/raw_data\high_res\433.png
data/ISR/raw_data\low_res\434.png,data/ISR/raw_data\high_res\434.png
data/ISR/raw_data\low_res\435.png,data/ISR/raw_data\high_res\435.png
data/ISR/raw_data\low_res\436.png,data/ISR/raw_data\high_res\436.png
data/ISR/raw_data\low_res\437.png,data/ISR/raw_data\high_res\437.png
data/ISR/raw_data\low_res\438.png,data/ISR/raw_data\high_res\438.png
data/ISR/raw_data\low_res\439.png,data/ISR/raw_data\high_res\439.png
data/ISR/raw_data\low_res\44.png,data/ISR/raw_data\high_res\44.png
data/ISR/raw_data\low_res\440.png,data/ISR/raw_data\high_res\440.png
data/ISR/raw_data\low_res\441.png,data/ISR/raw_data\high_res\441.png
data/ISR/raw_data\low_res\442.png,data/ISR/raw_data\high_res\442.png
data/ISR/raw_data\low_res\443.png,data/ISR/raw_data\high_res\443.png
data/ISR/raw_data\low_res\444.png,data/ISR/raw_data\high_res\444.png
data/ISR/raw_data\low_res\445.png,data/ISR/raw_data\high_res\445.png
data/ISR/raw_data\low_res\446.png,data/ISR/raw_data\high_res\446.png
data/ISR/raw_data\low_res\447.png,data/ISR/raw_data\high_res\447.png
data/ISR/raw_data\low_res\448.png,data/ISR/raw_data\high_res\448.png
data/ISR/raw_data\low_res\449.png,data/ISR/raw_data\high_res\449.png
data/ISR/raw_data\low_res\45.png,data/ISR/raw_data\high_res\45.png
data/ISR/raw_data\low_res\450.png,data/ISR/raw_data\high_res\450.png
data/ISR/raw_data\low_res\451.png,data/ISR/raw_data\high_res\451.png
data/ISR/raw_data\low_res\452.png,data/ISR/raw_data\high_res\452.png
data/ISR/raw_data\low_res\453.png,data/ISR/raw_data\high_res\453.png
data/ISR/raw_data\low_res\454.png,data/ISR/raw_data\high_res\454.png
data/ISR/raw_data\low_res\455.png,data/ISR/raw_data\high_res\455.png
data/ISR/raw_data\low_res\456.png,data/ISR/raw_data\high_res\456.png
data/ISR/raw_data\low_res\457.png,data/ISR/raw_data\high_res\457.png
data/ISR/raw_data\low_res\458.png,data/ISR/raw_data\high_res\458.png
data/ISR/raw_data\low_res\459.png,data/ISR/raw_data\high_res\459.png
data/ISR/raw_data\low_res\46.png,data/ISR/raw_data\high_res\46.png
data/ISR/raw_data\low_res\460.png,data/ISR/raw_data\high_res\460.png
data/ISR/raw_data\low_res\461.png,data/ISR/raw_data\high_res\461.png
data/ISR/raw_data\low_res\462.png,data/ISR/raw_data\high_res\462.png
data/ISR/raw_data\low_res\463.png,data/ISR/raw_data\high_res\463.png
data/ISR/raw_data\low_res\464.png,data/ISR/raw_data\high_res\464.png
data/ISR/raw_data\low_res\465.png,data/ISR/raw_data\high_res\465.png
data/ISR/raw_data\low_res\466.png,data/ISR/raw_data\high_res\466.png
data/ISR/raw_data\low_res\467.png,data/ISR/raw_data\high_res\467.png
data/ISR/raw_data\low_res\468.png,data/ISR/raw_data\high_res\468.png
data/ISR/raw_data\low_res\469.png,data/ISR/raw_data\high_res\469.png
data/ISR/raw_data\low_res\47.png,data/ISR/raw_data\high_res\47.png
data/ISR/raw_data\low_res\470.png,data/ISR/raw_data\high_res\470.png
data/ISR/raw_data\low_res\471.png,data/ISR/raw_data\high_res\471.png
data/ISR/raw_data\low_res\472.png,data/ISR/raw_data\high_res\472.png
data/ISR/raw_data\low_res\473.png,data/ISR/raw_data\high_res\473.png
data/ISR/raw_data\low_res\474.png,data/ISR/raw_data\high_res\474.png
data/ISR/raw_data\low_res\475.png,data/ISR/raw_data\high_res\475.png
data/ISR/raw_data\low_res\476.png,data/ISR/raw_data\high_res\476.png
data/ISR/raw_data\low_res\477.png,data/ISR/raw_data\high_res\477.png
data/ISR/raw_data\low_res\478.png,data/ISR/raw_data\high_res\478.png
data/ISR/raw_data\low_res\479.png,data/ISR/raw_data\high_res\479.png
data/ISR/raw_data\low_res\48.png,data/ISR/raw_data\high_res\48.png
data/ISR/raw_data\low_res\480.png,data/ISR/raw_data\high_res\480.png
data/ISR/raw_data\low_res\481.png,data/ISR/raw_data\high_res\481.png
data/ISR/raw_data\low_res\482.png,data/ISR/raw_data\high_res\482.png
data/ISR/raw_data\low_res\483.png,data/ISR/raw_data\high_res\483.png
data/ISR/raw_data\low_res\484.png,data/ISR/raw_data\high_res\484.png
data/ISR/raw_data\low_res\485.png,data/ISR/raw_data\high_res\485.png
data/ISR/raw_data\low_res\486.png,data/ISR/raw_data\high_res\486.png
data/ISR/raw_data\low_res\487.png,data/ISR/raw_data\high_res\487.png
data/ISR/raw_data\low_res\488.png,data/ISR/raw_data\high_res\488.png
data/ISR/raw_data\low_res\489.png,data/ISR/raw_data\high_res\489.png
data/ISR/raw_data\low_res\49.png,data/ISR/raw_data\high_res\49.png
data/ISR/raw_data\low_res\490.png,data/ISR/raw_data\high_res\490.png
data/ISR/raw_data\low_res\491.png,data/ISR/raw_data\high_res\491.png
data/ISR/raw_data\low_res\492.png,data/ISR/raw_data\high_res\492.png
data/ISR/raw_data\low_res\493.png,data/ISR/raw_data\high_res\493.png
data/ISR/raw_data\low_res\494.png,data/ISR/raw_data\high_res\494.png
data/ISR/raw_data\low_res\495.png,data/ISR/raw_data\high_res\495.png
data/ISR/raw_data\low_res\496.png,data/ISR/raw_data\high_res\496.png
data/ISR/raw_data\low_res\497.png,data/ISR/raw_data\high_res\497.png
data/ISR/raw_data\low_res\498.png,data/ISR/raw_data\high_res\498.png
data/ISR/raw_data\low_res\499.png,data/ISR/raw_data\high_res\499.png
data/ISR/raw_data\low_res\5.png,data/ISR/raw_data\high_res\5.png
data/ISR/raw_data\low_res\50.png,data/ISR/raw_data\high_res\50.png
data/ISR/raw_data\low_res\500.png,data/ISR/raw_data\high_res\500.png
data/ISR/raw_data\low_res\501.png,data/ISR/raw_data\high_res\501.png
data/ISR/raw_data\low_res\502.png,data/ISR/raw_data\high_res\502.png
data/ISR/raw_data\low_res\503.png,data/ISR/raw_data\high_res\503.png
data/ISR/raw_data\low_res\504.png,data/ISR/raw_data\high_res\504.png
data/ISR/raw_data\low_res\505.png,data/ISR/raw_data\high_res\505.png
data/ISR/raw_data\low_res\506.png,data/ISR/raw_data\high_res\506.png
data/ISR/raw_data\low_res\507.png,data/ISR/raw_data\high_res\507.png
data/ISR/raw_data\low_res\508.png,data/ISR/raw_data\high_res\508.png
data/ISR/raw_data\low_res\509.png,data/ISR/raw_data\high_res\509.png
data/ISR/raw_data\low_res\51.png,data/ISR/raw_data\high_res\51.png
data/ISR/raw_data\low_res\510.png,data/ISR/raw_data\high_res\510.png
data/ISR/raw_data\low_res\511.png,data/ISR/raw_data\high_res\511.png
data/ISR/raw_data\low_res\512.png,data/ISR/raw_data\high_res\512.png
data/ISR/raw_data\low_res\513.png,data/ISR/raw_data\high_res\513.png
data/ISR/raw_data\low_res\514.png,data/ISR/raw_data\high_res\514.png
data/ISR/raw_data\low_res\515.png,data/ISR/raw_data\high_res\515.png
data/ISR/raw_data\low_res\516.png,data/ISR/raw_data\high_res\516.png
data/ISR/raw_data\low_res\517.png,data/ISR/raw_data\high_res\517.png
data/ISR/raw_data\low_res\518.png,data/ISR/raw_data\high_res\518.png
data/ISR/raw_data\low_res\519.png,data/ISR/raw_data\high_res\519.png
data/ISR/raw_data\low_res\52.png,data/ISR/raw_data\high_res\52.png
data/ISR/raw_data\low_res\520.png,data/ISR/raw_data\high_res\520.png
data/ISR/raw_data\low_res\521.png,data/ISR/raw_data\high_res\521.png
data/ISR/raw_data\low_res\522.png,data/ISR/raw_data\high_res\522.png
data/ISR/raw_data\low_res\523.png,data/ISR/raw_data\high_res\523.png
data/ISR/raw_data\low_res\524.png,data/ISR/raw_data\high_res\524.png
data/ISR/raw_data\low_res\525.png,data/ISR/raw_data\high_res\525.png
data/ISR/raw_data\low_res\526.png,data/ISR/raw_data\high_res\526.png
data/ISR/raw_data\low_res\527.png,data/ISR/raw_data\high_res\527.png
data/ISR/raw_data\low_res\528.png,data/ISR/raw_data\high_res\528.png
data/ISR/raw_data\low_res\529.png,data/ISR/raw_data\high_res\529.png
data/ISR/raw_data\low_res\53.png,data/ISR/raw_data\high_res\53.png
data/ISR/raw_data\low_res\530.png,data/ISR/raw_data\high_res\530.png
data/ISR/raw_data\low_res\531.png,data/ISR/raw_data\high_res\531.png
data/ISR/raw_data\low_res\532.png,data/ISR/raw_data\high_res\532.png
data/ISR/raw_data\low_res\533.png,data/ISR/raw_data\high_res\533.png
data/ISR/raw_data\low_res\534.png,data/ISR/raw_data\high_res\534.png
data/ISR/raw_data\low_res\535.png,data/ISR/raw_data\high_res\535.png
data/ISR/raw_data\low_res\536.png,data/ISR/raw_data\high_res\536.png
data/ISR/raw_data\low_res\537.png,data/ISR/raw_data\high_res\537.png
data/ISR/raw_data\low_res\538.png,data/ISR/raw_data\high_res\538.png
data/ISR/raw_data\low_res\539.png,data/ISR/raw_data\high_res\539.png
data/ISR/raw_data\low_res\54.png,data/ISR/raw_data\high_res\54.png
data/ISR/raw_data\low_res\540.png,data/ISR/raw_data\high_res\540.png
data/ISR/raw_data\low_res\541.png,data/ISR/raw_data\high_res\541.png
data/ISR/raw_data\low_res\542.png,data/ISR/raw_data\high_res\542.png
data/ISR/raw_data\low_res\543.png,data/ISR/raw_data\high_res\543.png
data/ISR/raw_data\low_res\544.png,data/ISR/raw_data\high_res\544.png
data/ISR/raw_data\low_res\545.png,data/ISR/raw_data\high_res\545.png
data/ISR/raw_data\low_res\546.png,data/ISR/raw_data\high_res\546.png
data/ISR/raw_data\low_res\547.png,data/ISR/raw_data\high_res\547.png
data/ISR/raw_data\low_res\548.png,data/ISR/raw_data\high_res\548.png
data/ISR/raw_data\low_res\549.png,data/ISR/raw_data\high_res\549.png
data/ISR/raw_data\low_res\55.png,data/ISR/raw_data\high_res\55.png
data/ISR/raw_data\low_res\550.png,data/ISR/raw_data\high_res\550.png
data/ISR/raw_data\low_res\551.png,data/ISR/raw_data\high_res\551.png
data/ISR/raw_data\low_res\552.png,data/ISR/raw_data\high_res\552.png
data/ISR/raw_data\low_res\553.png,data/ISR/raw_data\high_res\553.png
data/ISR/raw_data\low_res\554.png,data/ISR/raw_data\high_res\554.png
data/ISR/raw_data\low_res\555.png,data/ISR/raw_data\high_res\555.png
data/ISR/raw_data\low_res\556.png,data/ISR/raw_data\high_res\556.png
data/ISR/raw_data\low_res\557.png,data/ISR/raw_data\high_res\557.png
data/ISR/raw_data\low_res\558.png,data/ISR/raw_data\high_res\558.png
data/ISR/raw_data\low_res\559.png,data/ISR/raw_data\high_res\559.png
data/ISR/raw_data\low_res\56.png,data/ISR/raw_data\high_res\56.png
data/ISR/raw_data\low_res\560.png,data/ISR/raw_data\high_res\560.png
data/ISR/raw_data\low_res\561.png,data/ISR/raw_data\high_res\561.png
data/ISR/raw_data\low_res\562.png,data/ISR/raw_data\high_res\562.png
data/ISR/raw_data\low_res\563.png,data/ISR/raw_data\high_res\563.png
data/ISR/raw_data\low_res\564.png,data/ISR/raw_data\high_res\564.png
data/ISR/raw_data\low_res\565.png,data/ISR/raw_data\high_res\565.png
data/ISR/raw_data\low_res\566.png,data/ISR/raw_data\high_res\566.png
data/ISR/raw_data\low_res\567.png,data/ISR/raw_data\high_res\567.png
data/ISR/raw_data\low_res\568.png,data/ISR/raw_data\high_res\568.png
data/ISR/raw_data\low_res\569.png,data/ISR/raw_data\high_res\569.png
data/ISR/raw_data\low_res\57.png,data/ISR/raw_data\high_res\57.png
data/ISR/raw_data\low_res\570.png,data/ISR/raw_data\high_res\570.png
data/ISR/raw_data\low_res\571.png,data/ISR/raw_data\high_res\571.png
data/ISR/raw_data\low_res\572.png,data/ISR/raw_data\high_res\572.png
data/ISR/raw_data\low_res\573.png,data/ISR/raw_data\high_res\573.png
data/ISR/raw_data\low_res\574.png,data/ISR/raw_data\high_res\574.png
data/ISR/raw_data\low_res\575.png,data/ISR/raw_data\high_res\575.png
data/ISR/raw_data\low_res\576.png,data/ISR/raw_data\high_res\576.png
data/ISR/raw_data\low_res\577.png,data/ISR/raw_data\high_res\577.png
data/ISR/raw_data\low_res\578.png,data/ISR/raw_data\high_res\578.png
data/ISR/raw_data\low_res\579.png,data/ISR/raw_data\high_res\579.png
data/ISR/raw_data\low_res\58.png,data/ISR/raw_data\high_res\58.png
data/ISR/raw_data\low_res\580.png,data/ISR/raw_data\high_res\580.png
data/ISR/raw_data\low_res\581.png,data/ISR/raw_data\high_res\581.png
data/ISR/raw_data\low_res\582.png,data/ISR/raw_data\high_res\582.png
data/ISR/raw_data\low_res\583.png,data/ISR/raw_data\high_res\583.png
data/ISR/raw_data\low_res\584.png,data/ISR/raw_data\high_res\584.png
data/ISR/raw_data\low_res\585.png,data/ISR/raw_data\high_res\585.png
data/ISR/raw_data\low_res\586.png,data/ISR/raw_data\high_res\586.png
data/ISR/raw_data\low_res\587.png,data/ISR/raw_data\high_res\587.png
data/ISR/raw_data\low_res\588.png,data/ISR/raw_data\high_res\588.png
data/ISR/raw_data\low_res\589.png,data/ISR/raw_data\high_res\589.png
data/ISR/raw_data\low_res\59.png,data/ISR/raw_data\high_res\59.png
data/ISR/raw_data\low_res\590.png,data/ISR/raw_data\high_res\590.png
data/ISR/raw_data\low_res\591.png,data/ISR/raw_data\high_res\591.png
data/ISR/raw_data\low_res\592.png,data/ISR/raw_data\high_res\592.png
data/ISR/raw_data\low_res\593.png,data/ISR/raw_data\high_res\593.png
data/ISR/raw_data\low_res\594.png,data/ISR/raw_data\high_res\594.png
data/ISR/raw_data\low_res\595.png,data/ISR/raw_data\high_res\595.png
data/ISR/raw_data\low_res\596.png,data/ISR/raw_data\high_res\596.png
data/ISR/raw_data\low_res\597.png,data/ISR/raw_data\high_res\597.png
data/ISR/raw_data\low_res\598.png,data/ISR/raw_data\high_res\598.png
data/ISR/raw_data\low_res\599.png,data/ISR/raw_data\high_res\599.png
data/ISR/raw_data\low_res\6.png,data/ISR/raw_data\high_res\6.png
data/ISR/raw_data\low_res\60.png,data/ISR/raw_data\high_res\60.png
data/ISR/raw_data\low_res\600.png,data/ISR/raw_data\high_res\600.png
data/ISR/raw_data\low_res\601.png,data/ISR/raw_data\high_res\601.png
data/ISR/raw_data\low_res\602.png,data/ISR/raw_data\high_res\602.png
data/ISR/raw_data\low_res\603.png,data/ISR/raw_data\high_res\603.png
data/ISR/raw_data\low_res\604.png,data/ISR/raw_data\high_res\604.png
data/ISR/raw_data\low_res\605.png,data/ISR/raw_data\high_res\605.png
data/ISR/raw_data\low_res\606.png,data/ISR/raw_data\high_res\606.png
data/ISR/raw_data\low_res\607.png,data/ISR/raw_data\high_res\607.png
data/ISR/raw_data\low_res\608.png,data/ISR/raw_data\high_res\608.png
data/ISR/raw_data\low_res\609.png,data/ISR/raw_data\high_res\609.png
data/ISR/raw_data\low_res\61.png,data/ISR/raw_data\high_res\61.png
data/ISR/raw_data\low_res\610.png,data/ISR/raw_data\high_res\610.png
data/ISR/raw_data\low_res\611.png,data/ISR/raw_data\high_res\611.png
data/ISR/raw_data\low_res\612.png,data/ISR/raw_data\high_res\612.png
data/ISR/raw_data\low_res\613.png,data/ISR/raw_data\high_res\613.png
data/ISR/raw_data\low_res\614.png,data/ISR/raw_data\high_res\614.png
data/ISR/raw_data\low_res\615.png,data/ISR/raw_data\high_res\615.png
data/ISR/raw_data\low_res\616.png,data/ISR/raw_data\high_res\616.png
data/ISR/raw_data\low_res\617.png,data/ISR/raw_data\high_res\617.png
data/ISR/raw_data\low_res\618.png,data/ISR/raw_data\high_res\618.png
data/ISR/raw_data\low_res\619.png,data/ISR/raw_data\high_res\619.png
data/ISR/raw_data\low_res\62.png,data/ISR/raw_data\high_res\62.png
data/ISR/raw_data\low_res\620.png,data/ISR/raw_data\high_res\620.png
data/ISR/raw_data\low_res\621.png,data/ISR/raw_data\high_res\621.png
data/ISR/raw_data\low_res\622.png,data/ISR/raw_data\high_res\622.png
data/ISR/raw_data\low_res\623.png,data/ISR/raw_data\high_res\623.png
data/ISR/raw_data\low_res\624.png,data/ISR/raw_data\high_res\624.png
data/ISR/raw_data\low_res\625.png,data/ISR/raw_data\high_res\625.png
data/ISR/raw_data\low_res\626.png,data/ISR/raw_data\high_res\626.png
data/ISR/raw_data\low_res\627.png,data/ISR/raw_data\high_res\627.png
data/ISR/raw_data\low_res\628.png,data/ISR/raw_data\high_res\628.png
data/ISR/raw_data\low_res\629.png,data/ISR/raw_data\high_res\629.png
data/ISR/raw_data\low_res\63.png,data/ISR/raw_data\high_res\63.png
data/ISR/raw_data\low_res\630.png,data/ISR/raw_data\high_res\630.png
data/ISR/raw_data\low_res\631.png,data/ISR/raw_data\high_res\631.png
data/ISR/raw_data\low_res\632.png,data/ISR/raw_data\high_res\632.png
data/ISR/raw_data\low_res\633.png,data/ISR/raw_data\high_res\633.png
data/ISR/raw_data\low_res\634.png,data/ISR/raw_data\high_res\634.png
data/ISR/raw_data\low_res\635.png,data/ISR/raw_data\high_res\635.png
data/ISR/raw_data\low_res\636.png,data/ISR/raw_data\high_res\636.png
data/ISR/raw_data\low_res\637.png,data/ISR/raw_data\high_res\637.png
data/ISR/raw_data\low_res\638.png,data/ISR/raw_data\high_res\638.png
data/ISR/raw_data\low_res\639.png,data/ISR/raw_data\high_res\639.png
data/ISR/raw_data\low_res\64.png,data/ISR/raw_data\high_res\64.png
data/ISR/raw_data\low_res\640.png,data/ISR/raw_data\high_res\640.png
data/ISR/raw_data\low_res\641.png,data/ISR/raw_data\high_res\641.png
data/ISR/raw_data\low_res\642.png,data/ISR/raw_data\high_res\642.png
data/ISR/raw_data\low_res\643.png,data/ISR/raw_data\high_res\643.png
data/ISR/raw_data\low_res\644.png,data/ISR/raw_data\high_res\644.png
data/ISR/raw_data\low_res\645.png,data/ISR/raw_data\high_res\645.png
data/ISR/raw_data\low_res\646.png,data/ISR/raw_data\high_res\646.png
data/ISR/raw_data\low_res\647.png,data/ISR/raw_data\high_res\647.png
data/ISR/raw_data\low_res\648.png,data/ISR/raw_data\high_res\648.png
data/ISR/raw_data\low_res\649.png,data/ISR/raw_data\high_res\649.png
data/ISR/raw_data\low_res\65.png,data/ISR/raw_data\high_res\65.png
data/ISR/raw_data\low_res\650.png,data/ISR/raw_data\high_res\650.png
data/ISR/raw_data\low_res\651.png,data/ISR/raw_data\high_res\651.png
data/ISR/raw_data\low_res\652.png,data/ISR/raw_data\high_res\652.png
data/ISR/raw_data\low_res\653.png,data/ISR/raw_data\high_res\653.png
data/ISR/raw_data\low_res\654.png,data/ISR/raw_data\high_res\654.png
data/ISR/raw_data\low_res\655.png,data/ISR/raw_data\high_res\655.png
data/ISR/raw_data\low_res\656.png,data/ISR/raw_data\high_res\656.png
data/ISR/raw_data\low_res\657.png,data/ISR/raw_data\high_res\657.png
data/ISR/raw_data\low_res\658.png,data/ISR/raw_data\high_res\658.png
data/ISR/raw_data\low_res\659.png,data/ISR/raw_data\high_res\659.png
data/ISR/raw_data\low_res\66.png,data/ISR/raw_data\high_res\66.png
data/ISR/raw_data\low_res\660.png,data/ISR/raw_data\high_res\660.png
data/ISR/raw_data\low_res\661.png,data/ISR/raw_data\high_res\661.png
data/ISR/raw_data\low_res\662.png,data/ISR/raw_data\high_res\662.png
data/ISR/raw_data\low_res\663.png,data/ISR/raw_data\high_res\663.png
data/ISR/raw_data\low_res\664.png,data/ISR/raw_data\high_res\664.png
data/ISR/raw_data\low_res\665.png,data/ISR/raw_data\high_res\665.png
data/ISR/raw_data\low_res\666.png,data/ISR/raw_data\high_res\666.png
data/ISR/raw_data\low_res\667.png,data/ISR/raw_data\high_res\667.png
data/ISR/raw_data\low_res\668.png,data/ISR/raw_data\high_res\668.png
data/ISR/raw_data\low_res\669.png,data/ISR/raw_data\high_res\669.png
data/ISR/raw_data\low_res\67.png,data/ISR/raw_data\high_res\67.png
data/ISR/raw_data\low_res\670.png,data/ISR/raw_data\high_res\670.png
data/ISR/raw_data\low_res\671.png,data/ISR/raw_data\high_res\671.png
data/ISR/raw_data\low_res\672.png,data/ISR/raw_data\high_res\672.png
data/ISR/raw_data\low_res\673.png,data/ISR/raw_data\high_res\673.png
data/ISR/raw_data\low_res\674.png,data/ISR/raw_data\high_res\674.png
data/ISR/raw_data\low_res\675.png,data/ISR/raw_data\high_res\675.png
data/ISR/raw_data\low_res\676.png,data/ISR/raw_data\high_res\676.png
data/ISR/raw_data\low_res\677.png,data/ISR/raw_data\high_res\677.png
data/ISR/raw_data\low_res\678.png,data/ISR/raw_data\high_res\678.png
data/ISR/raw_data\low_res\679.png,data/ISR/raw_data\high_res\679.png
data/ISR/raw_data\low_res\68.png,data/ISR/raw_data\high_res\68.png
data/ISR/raw_data\low_res\680.png,data/ISR/raw_data\high_res\680.png
data/ISR/raw_data\low_res\681.png,data/ISR/raw_data\high_res\681.png
data/ISR/raw_data\low_res\682.png,data/ISR/raw_data\high_res\682.png
data/ISR/raw_data\low_res\683.png,data/ISR/raw_data\high_res\683.png
data/ISR/raw_data\low_res\684.png,data/ISR/raw_data\high_res\684.png
data/ISR/raw_data\low_res\685.png,data/ISR/raw_data\high_res\685.png
data/ISR/raw_data\low_res\686.png,data/ISR/raw_data\high_res\686.png
data/ISR/raw_data\low_res\687.png,data/ISR/raw_data\high_res\687.png
data/ISR/raw_data\low_res\688.png,data/ISR/raw_data\high_res\688.png
data/ISR/raw_data\low_res\689.png,data/ISR/raw_data\high_res\689.png
data/ISR/raw_data\low_res\69.png,data/ISR/raw_data\high_res\69.png
data/ISR/raw_data\low_res\690.png,data/ISR/raw_data\high_res\690.png
data/ISR/raw_data\low_res\691.png,data/ISR/raw_data\high_res\691.png
data/ISR/raw_data\low_res\692.png,data/ISR/raw_data\high_res\692.png
data/ISR/raw_data\low_res\693.png,data/ISR/raw_data\high_res\693.png
data/ISR/raw_data\low_res\694.png,data/ISR/raw_data\high_res\694.png
data/ISR/raw_data\low_res\695.png,data/ISR/raw_data\high_res\695.png
data/ISR/raw_data\low_res\696.png,data/ISR/raw_data\high_res\696.png
data/ISR/raw_data\low_res\697.png,data/ISR/raw_data\high_res\697.png
data/ISR/raw_data\low_res\698.png,data/ISR/raw_data\high_res\698.png
data/ISR/raw_data\low_res\699.png,data/ISR/raw_data\high_res\699.png
data/ISR/raw_data\low_res\7.png,data/ISR/raw_data\high_res\7.png
data/ISR/raw_data\low_res\70.png,data/ISR/raw_data\high_res\70.png
data/ISR/raw_data\low_res\700.png,data/ISR/raw_data\high_res\700.png
data/ISR/raw_data\low_res\701.png,data/ISR/raw_data\high_res\701.png
data/ISR/raw_data\low_res\702.png,data/ISR/raw_data\high_res\702.png
data/ISR/raw_data\low_res\703.png,data/ISR/raw_data\high_res\703.png
data/ISR/raw_data\low_res\704.png,data/ISR/raw_data\high_res\704.png
data/ISR/raw_data\low_res\705.png,data/ISR/raw_data\high_res\705.png
data/ISR/raw_data\low_res\706.png,data/ISR/raw_data\high_res\706.png
data/ISR/raw_data\low_res\707.png,data/ISR/raw_data\high_res\707.png
data/ISR/raw_data\low_res\708.png,data/ISR/raw_data\high_res\708.png
data/ISR/raw_data\low_res\709.png,data/ISR/raw_data\high_res\709.png
data/ISR/raw_data\low_res\71.png,data/ISR/raw_data\high_res\71.png
data/ISR/raw_data\low_res\710.png,data/ISR/raw_data\high_res\710.png
data/ISR/raw_data\low_res\711.png,data/ISR/raw_data\high_res\711.png
data/ISR/raw_data\low_res\712.png,data/ISR/raw_data\high_res\712.png
data/ISR/raw_data\low_res\713.png,data/ISR/raw_data\high_res\713.png
data/ISR/raw_data\low_res\714.png,data/ISR/raw_data\high_res\714.png
data/ISR/raw_data\low_res\715.png,data/ISR/raw_data\high_res\715.png
data/ISR/raw_data\low_res\716.png,data/ISR/raw_data\high_res\716.png
data/ISR/raw_data\low_res\717.png,data/ISR/raw_data\high_res\717.png
data/ISR/raw_data\low_res\718.png,data/ISR/raw_data\high_res\718.png
data/ISR/raw_data\low_res\719.png,data/ISR/raw_data\high_res\719.png
data/ISR/raw_data\low_res\72.png,data/ISR/raw_data\high_res\72.png
data/ISR/raw_data\low_res\720.png,data/ISR/raw_data\high_res\720.png
data/ISR/raw_data\low_res\721.png,data/ISR/raw_data\high_res\721.png
data/ISR/raw_data\low_res\722.png,data/ISR/raw_data\high_res\722.png
data/ISR/raw_data\low_res\723.png,data/ISR/raw_data\high_res\723.png
data/ISR/raw_data\low_res\724.png,data/ISR/raw_data\high_res\724.png
data/ISR/raw_data\low_res\725.png,data/ISR/raw_data\high_res\725.png
data/ISR/raw_data\low_res\726.png,data/ISR/raw_data\high_res\726.png
data/ISR/raw_data\low_res\727.png,data/ISR/raw_data\high_res\727.png
data/ISR/raw_data\low_res\728.png,data/ISR/raw_data\high_res\728.png
data/ISR/raw_data\low_res\729.png,data/ISR/raw_data\high_res\729.png
data/ISR/raw_data\low_res\73.png,data/ISR/raw_data\high_res\73.png
data/ISR/raw_data\low_res\730.png,data/ISR/raw_data\high_res\730.png
data/ISR/raw_data\low_res\731.png,data/ISR/raw_data\high_res\731.png
data/ISR/raw_data\low_res\732.png,data/ISR/raw_data\high_res\732.png
data/ISR/raw_data\low_res\733.png,data/ISR/raw_data\high_res\733.png
data/ISR/raw_data\low_res\734.png,data/ISR/raw_data\high_res\734.png
data/ISR/raw_data\low_res\735.png,data/ISR/raw_data\high_res\735.png
data/ISR/raw_data\low_res\736.png,data/ISR/raw_data\high_res\736.png
data/ISR/raw_data\low_res\737.png,data/ISR/raw_data\high_res\737.png
data/ISR/raw_data\low_res\738.png,data/ISR/raw_data\high_res\738.png
data/ISR/raw_data\low_res\739.png,data/ISR/raw_data\high_res\739.png
data/ISR/raw_data\low_res\74.png,data/ISR/raw_data\high_res\74.png
data/ISR/raw_data\low_res\740.png,data/ISR/raw_data\high_res\740.png
data/ISR/raw_data\low_res\741.png,data/ISR/raw_data\high_res\741.png
data/ISR/raw_data\low_res\742.png,data/ISR/raw_data\high_res\742.png
data/ISR/raw_data\low_res\743.png,data/ISR/raw_data\high_res\743.png
data/ISR/raw_data\low_res\744.png,data/ISR/raw_data\high_res\744.png
data/ISR/raw_data\low_res\745.png,data/ISR/raw_data\high_res\745.png
data/ISR/raw_data\low_res\746.png,data/ISR/raw_data\high_res\746.png
data/ISR/raw_data\low_res\747.png,data/ISR/raw_data\high_res\747.png
data/ISR/raw_data\low_res\748.png,data/ISR/raw_data\high_res\748.png
data/ISR/raw_data\low_res\749.png,data/ISR/raw_data\high_res\749.png
data/ISR/raw_data\low_res\75.png,data/ISR/raw_data\high_res\75.png
data/ISR/raw_data\low_res\750.png,data/ISR/raw_data\high_res\750.png
data/ISR/raw_data\low_res\751.png,data/ISR/raw_data\high_res\751.png
data/ISR/raw_data\low_res\752.png,data/ISR/raw_data\high_res\752.png
data/ISR/raw_data\low_res\753.png,data/ISR/raw_data\high_res\753.png
data/ISR/raw_data\low_res\754.png,data/ISR/raw_data\high_res\754.png
data/ISR/raw_data\low_res\755.png,data/ISR/raw_data\high_res\755.png
data/ISR/raw_data\low_res\756.png,data/ISR/raw_data\high_res\756.png
data/ISR/raw_data\low_res\757.png,data/ISR/raw_data\high_res\757.png
data/ISR/raw_data\low_res\758.png,data/ISR/raw_data\high_res\758.png
data/ISR/raw_data\low_res\759.png,data/ISR/raw_data\high_res\759.png
data/ISR/raw_data\low_res\76.png,data/ISR/raw_data\high_res\76.png
data/ISR/raw_data\low_res\760.png,data/ISR/raw_data\high_res\760.png
data/ISR/raw_data\low_res\761.png,data/ISR/raw_data\high_res\761.png
data/ISR/raw_data\low_res\762.png,data/ISR/raw_data\high_res\762.png
data/ISR/raw_data\low_res\763.png,data/ISR/raw_data\high_res\763.png
data/ISR/raw_data\low_res\764.png,data/ISR/raw_data\high_res\764.png
data/ISR/raw_data\low_res\765.png,data/ISR/raw_data\high_res\765.png
data/ISR/raw_data\low_res\766.png,data/ISR/raw_data\high_res\766.png
data/ISR/raw_data\low_res\767.png,data/ISR/raw_data\high_res\767.png
data/ISR/raw_data\low_res\768.png,data/ISR/raw_data\high_res\768.png
data/ISR/raw_data\low_res\769.png,data/ISR/raw_data\high_res\769.png
data/ISR/raw_data\low_res\77.png,data/ISR/raw_data\high_res\77.png
data/ISR/raw_data\low_res\770.png,data/ISR/raw_data\high_res\770.png
data/ISR/raw_data\low_res\771.png,data/ISR/raw_data\high_res\771.png
data/ISR/raw_data\low_res\772.png,data/ISR/raw_data\high_res\772.png
data/ISR/raw_data\low_res\773.png,data/ISR/raw_data\high_res\773.png
data/ISR/raw_data\low_res\774.png,data/ISR/raw_data\high_res\774.png
data/ISR/raw_data\low_res\775.png,data/ISR/raw_data\high_res\775.png
data/ISR/raw_data\low_res\776.png,data/ISR/raw_data\high_res\776.png
data/ISR/raw_data\low_res\777.png,data/ISR/raw_data\high_res\777.png
data/ISR/raw_data\low_res\778.png,data/ISR/raw_data\high_res\778.png
data/ISR/raw_data\low_res\779.png,data/ISR/raw_data\high_res\779.png
data/ISR/raw_data\low_res\78.png,data/ISR/raw_data\high_res\78.png
data/ISR/raw_data\low_res\780.png,data/ISR/raw_data\high_res\780.png
data/ISR/raw_data\low_res\781.png,data/ISR/raw_data\high_res\781.png
data/ISR/raw_data\low_res\782.png,data/ISR/raw_data\high_res\782.png
data/ISR/raw_data\low_res\783.png,data/ISR/raw_data\high_res\783.png
data/ISR/raw_data\low_res\784.png,data/ISR/raw_data\high_res\784.png
data/ISR/raw_data\low_res\785.png,data/ISR/raw_data\high_res\785.png
data/ISR/raw_data\low_res\786.png,data/ISR/raw_data\high_res\786.png
data/ISR/raw_data\low_res\787.png,data/ISR/raw_data\high_res\787.png
data/ISR/raw_data\low_res\788.png,data/ISR/raw_data\high_res\788.png
data/ISR/raw_data\low_res\789.png,data/ISR/raw_data\high_res\789.png
data/ISR/raw_data\low_res\79.png,data/ISR/raw_data\high_res\79.png
data/ISR/raw_data\low_res\790.png,data/ISR/raw_data\high_res\790.png
data/ISR/raw_data\low_res\791.png,data/ISR/raw_data\high_res\791.png
data/ISR/raw_data\low_res\792.png,data/ISR/raw_data\high_res\792.png
data/ISR/raw_data\low_res\793.png,data/ISR/raw_data\high_res\793.png
data/ISR/raw_data\low_res\794.png,data/ISR/raw_data\high_res\794.png
data/ISR/raw_data\low_res\795.png,data/ISR/raw_data\high_res\795.png
data/ISR/raw_data\low_res\796.png,data/ISR/raw_data\high_res\796.png
data/ISR/raw_data\low_res\797.png,data/ISR/raw_data\high_res\797.png
data/ISR/raw_data\low_res\798.png,data/ISR/raw_data\high_res\798.png
data/ISR/raw_data\low_res\799.png,data/ISR/raw_data\high_res\799.png
data/ISR/raw_data\low_res\8.png,data/ISR/raw_data\high_res\8.png
data/ISR/raw_data\low_res\80.png,data/ISR/raw_data\high_res\80.png
data/ISR/raw_data\low_res\800.png,data/ISR/raw_data\high_res\800.png
data/ISR/raw_data\low_res\801.png,data/ISR/raw_data\high_res\801.png
data/ISR/raw_data\low_res\802.png,data/ISR/raw_data\high_res\802.png
data/ISR/raw_data\low_res\803.png,data/ISR/raw_data\high_res\803.png
data/ISR/raw_data\low_res\804.png,data/ISR/raw_data\high_res\804.png
data/ISR/raw_data\low_res\805.png,data/ISR/raw_data\high_res\805.png
data/ISR/raw_data\low_res\806.png,data/ISR/raw_data\high_res\806.png
data/ISR/raw_data\low_res\807.png,data/ISR/raw_data\high_res\807.png
data/ISR/raw_data\low_res\808.png,data/ISR/raw_data\high_res\808.png
data/ISR/raw_data\low_res\809.png,data/ISR/raw_data\high_res\809.png
data/ISR/raw_data\low_res\81.png,data/ISR/raw_data\high_res\81.png
data/ISR/raw_data\low_res\810.png,data/ISR/raw_data\high_res\810.png
data/ISR/raw_data\low_res\811.png,data/ISR/raw_data\high_res\811.png
data/ISR/raw_data\low_res\812.png,data/ISR/raw_data\high_res\812.png
data/ISR/raw_data\low_res\813.png,data/ISR/raw_data\high_res\813.png
data/ISR/raw_data\low_res\814.png,data/ISR/raw_data\high_res\814.png
data/ISR/raw_data\low_res\815.png,data/ISR/raw_data\high_res\815.png
data/ISR/raw_data\low_res\816.png,data/ISR/raw_data\high_res\816.png
data/ISR/raw_data\low_res\817.png,data/ISR/raw_data\high_res\817.png
data/ISR/raw_data\low_res\818.png,data/ISR/raw_data\high_res\818.png
data/ISR/raw_data\low_res\819.png,data/ISR/raw_data\high_res\819.png
data/ISR/raw_data\low_res\82.png,data/ISR/raw_data\high_res\82.png
data/ISR/raw_data\low_res\820.png,data/ISR/raw_data\high_res\820.png
data/ISR/raw_data\low_res\821.png,data/ISR/raw_data\high_res\821.png
data/ISR/raw_data\low_res\822.png,data/ISR/raw_data\high_res\822.png
data/ISR/raw_data\low_res\823.png,data/ISR/raw_data\high_res\823.png
data/ISR/raw_data\low_res\824.png,data/ISR/raw_data\high_res\824.png
data/ISR/raw_data\low_res\825.png,data/ISR/raw_data\high_res\825.png
data/ISR/raw_data\low_res\826.png,data/ISR/raw_data\high_res\826.png
data/ISR/raw_data\low_res\827.png,data/ISR/raw_data\high_res\827.png
data/ISR/raw_data\low_res\828.png,data/ISR/raw_data\high_res\828.png
data/ISR/raw_data\low_res\829.png,data/ISR/raw_data\high_res\829.png
data/ISR/raw_data\low_res\83.png,data/ISR/raw_data\high_res\83.png
data/ISR/raw_data\low_res\830.png,data/ISR/raw_data\high_res\830.png
data/ISR/raw_data\low_res\831.png,data/ISR/raw_data\high_res\831.png
data/ISR/raw_data\low_res\832.png,data/ISR/raw_data\high_res\832.png
data/ISR/raw_data\low_res\833.png,data/ISR/raw_data\high_res\833.png
data/ISR/raw_data\low_res\834.png,data/ISR/raw_data\high_res\834.png
data/ISR/raw_data\low_res\835.png,data/ISR/raw_data\high_res\835.png
data/ISR/raw_data\low_res\836.png,data/ISR/raw_data\high_res\836.png
data/ISR/raw_data\low_res\837.png,data/ISR/raw_data\high_res\837.png
data/ISR/raw_data\low_res\838.png,data/ISR/raw_data\high_res\838.png
data/ISR/raw_data\low_res\839.png,data/ISR/raw_data\high_res\839.png
data/ISR/raw_data\low_res\84.png,data/ISR/raw_data\high_res\84.png
data/ISR/raw_data\low_res\840.png,data/ISR/raw_data\high_res\840.png
data/ISR/raw_data\low_res\841.png,data/ISR/raw_data\high_res\841.png
data/ISR/raw_data\low_res\842.png,data/ISR/raw_data\high_res\842.png
data/ISR/raw_data\low_res\843.png,data/ISR/raw_data\high_res\843.png
data/ISR/raw_data\low_res\844.png,data/ISR/raw_data\high_res\844.png
data/ISR/raw_data\low_res\845.png,data/ISR/raw_data\high_res\845.png
data/ISR/raw_data\low_res\846.png,data/ISR/raw_data\high_res\846.png
data/ISR/raw_data\low_res\847.png,data/ISR/raw_data\high_res\847.png
data/ISR/raw_data\low_res\848.png,data/ISR/raw_data\high_res\848.png
data/ISR/raw_data\low_res\849.png,data/ISR/raw_data\high_res\849.png
data/ISR/raw_data\low_res\85.png,data/ISR/raw_data\high_res\85.png
data/ISR/raw_data\low_res\850.png,data/ISR/raw_data\high_res\850.png
data/ISR/raw_data\low_res\851.png,data/ISR/raw_data\high_res\851.png
data/ISR/raw_data\low_res\852.png,data/ISR/raw_data\high_res\852.png
data/ISR/raw_data\low_res\853.png,data/ISR/raw_data\high_res\853.png
data/ISR/raw_data\low_res\854.png,data/ISR/raw_data\high_res\854.png
data/ISR/raw_data\low_res\86.png,data/ISR/raw_data\high_res\86.png
data/ISR/raw_data\low_res\87.png,data/ISR/raw_data\high_res\87.png
data/ISR/raw_data\low_res\88.png,data/ISR/raw_data\high_res\88.png
data/ISR/raw_data\low_res\89.png,data/ISR/raw_data\high_res\89.png
data/ISR/raw_data\low_res\9.png,data/ISR/raw_data\high_res\9.png
data/ISR/raw_data\low_res\90.png,data/ISR/raw_data\high_res\90.png
data/ISR/raw_data\low_res\91.png,data/ISR/raw_data\high_res\91.png
data/ISR/raw_data\low_res\92.png,data/ISR/raw_data\high_res\92.png
data/ISR/raw_data\low_res\93.png,data/ISR/raw_data\high_res\93.png
data/ISR/raw_data\low_res\94.png,data/ISR/raw_data\high_res\94.png
data/ISR/raw_data\low_res\95.png,data/ISR/raw_data\high_res\95.png
data/ISR/raw_data\low_res\96.png,data/ISR/raw_data\high_res\96.png
data/ISR/raw_data\low_res\97.png,data/ISR/raw_data\high_res\97.png
data/ISR/raw_data\low_res\98.png,data/ISR/raw_data\high_res\98.png
data/ISR/raw_data\low_res\99.png,data/ISR/raw_data\high_res\99.png
data/Own\low_res\000001.png,data/Own\high_res\000001.png
data/Own\low_res\000002.png,data/Own\high_res\000002.png
data/Own\low_res\000003.png,data/Own\high_res\000003.png
data/Own\low_res\000004.png,data/Own\high_res\000004.png
data/Own\low_res\000005.png,data/Own\high_res\000005.png
data/Own\low_res\000006.png,data/Own\high_res\000006.png
data/Own\low_res\000007.png,data/Own\high_res\000007.png
data/Own\low_res\000008.png,data/Own\high_res\000008.png
data/Own\low_res\000009.png,data/Own\high_res\000009.png
data/Own\low_res\000010.png,data/Own\high_res\000010.png
data/Own\low_res\000011.png,data/Own\high_res\000011.png
data/Own\low_res\000012.png,data/Own\high_res\000012.png
data/Own\low_res\000013.png,data/Own\high_res\000013.png
data/Own\low_res\000014.png,data/Own\high_res\000014.png
data/Own\low_res\000015.png,data/Own\high_res\000015.png
data/Own\low_res\000016.png,data/Own\high_res\000016.png
data/Own\low_res\000017.png,data/Own\high_res\000017.png
data/Own\low_res\000018.png,data/Own\high_res\000018.png
data/Own\low_res\000019.png,data/Own\high_res\000019.png
data/Own\low_res\000020.png,data/Own\high_res\000020.png
data/Own\low_res\000021.png,data/Own\high_res\000021.png
data/Own\low_res\000022.png,data/Own\high_res\000022.png
data/Own\low_res\000023.png,data/Own\high_res\000023.png
data/Own\low_res\000024.png,data/Own\high_res\000024.png
data/Own\low_res\000025.png,data/Own\high_res\000025.png
data/Own\low_res\000026.png,data/Own\high_res\000026.png
data/Own\low_res\000027.png,data/Own\high_res\000027.png
data/Own\low_res\000028.png,data/Own\high_res\000028.png
data/Own\low_res\000029.png,data/Own\high_res\000029.png
data/Own\low_res\000030.png,data/Own\high_res\000030.png
data/Own\low_res\000031.png,data/Own\high_res\000031.png
data/Own\low_res\000032.png,data/Own\high_res\000032.png
data/Own\low_res\000033.png,data/Own\high_res\000033.png
data/Own\low_res\000034.png,data/Own\high_res\000034.png
data/Own\low_res\000035.png,data/Own\high_res\000035.png
data/Own\low_res\000036.png,data/Own\high_res\000036.png
data/Own\low_res\000037.png,data/Own\high_res\000037.png
data/Own\low_res\000038.png,data/Own\high_res\000038.png
data/Own\low_res\000039.png,data/Own\high_res\000039.png
data/Own\low_res\000040.png,data/Own\high_res\000040.png
data/Own\low_res\000041.png,data/Own\high_res\000041.png
data/Own\low_res\000042.png,data/Own\high_res\000042.png
data/Own\low_res\000043.png,data/Own\high_res\000043.png
data/Own\low_res\000044.png,data/Own\high_res\000044.png
data/Own\low_res\000045.png,data/Own\high_res\000045.png
data/Own\low_res\000046.png,data/Own\high_res\000046.png
data/Own\low_res\000047.png,data/Own\high_res\000047.png
data/Own\low_res\000048.png,data/Own\high_res\000048.png
data/Own\low_res\000049.png,data/Own\high_res\000049.png
data/Own\low_res\000050.png,data/Own\high_res\000050.png
data/Own\low_res\000051.png,data/Own\high_res\000051.png
data/Own\low_res\000052.png,data/Own\high_res\000052.png
data/Own\low_res\000053.png,data/Own\high_res\000053.png
data/Own\low_res\000054.png,data/Own\high_res\000054.png
data/Own\low_res\000055.png,data/Own\high_res\000055.png
data/Own\low_res\000056.png,data/Own\high_res\000056.png
data/Own\low_res\000057.png,data/Own\high_res\000057.png
data/Own\low_res\000058.png,data/Own\high_res\000058.png
data/Own\low_res\000059.png,data/Own\high_res\000059.png
data/Own\low_res\000060.png,data/Own\high_res\000060.png
data/Own\low_res\000061.png,data/Own\high_res\000061.png
data/Own\low_res\000062.png,data/Own\high_res\000062.png
data/Own\low_res\000063.png,data/Own\high_res\000063.png
data/Own\low_res\000064.png,data/Own\high_res\000064.png
data/Own\low_res\000065.png,data/Own\high_res\000065.png
data/Own\low_res\000066.png,data/Own\high_res\000066.png
data/Own\low_res\000067.png,data/Own\high_res\000067.png
data/Own\low_res\000068.png,data/Own\high_res\000068.png
data/Own\low_res\000069.png,data/Own\high_res\000069.png
data/Own\low_res\000070.png,data/Own\high_res\000070.png
data/Own\low_res\000071.png,data/Own\high_res\000071.png
data/Own\low_res\000072.png,data/Own\high_res\000072.png
data/Own\low_res\000073.png,data/Own\high_res\000073.png
data/Own\low_res\000074.png,data/Own\high_res\000074.png
data/Own\low_res\000075.png,data/Own\high_res\000075.png
data/Own\low_res\000076.png,data/Own\high_res\000076.png
data/Own\low_res\000077.png,data/Own\high_res\000077.png
data/Own\low_res\000078.png,data/Own\high_res\000078.png
data/Own\low_res\000079.png,data/Own\high_res\000079.png
data/Own\low_res\000080.png,data/Own\high_res\000080.png
data/Own\low_res\000081.png,data/Own\high_res\000081.png
data/Own\low_res\000082.png,data/Own\high_res\000082.png
data/Own\low_res\000083.png,data/Own\high_res\000083.png
data/Own\low_res\000084.png,data/Own\high_res\000084.png
data/Own\low_res\000085.png,data/Own\high_res\000085.png
data/Own\low_res\000086.png,data/Own\high_res\000086.png
data/Own\low_res\000087.png,data/Own\high_res\000087.png
data/Own\low_res\000088.png,data/Own\high_res\000088.png
data/Own\low_res\000089.png,data/Own\high_res\000089.png
data/Own\low_res\000090.png,data/Own\high_res\000090.png
data/Own\low_res\000091.png,data/Own\high_res\000091.png
data/Own\low_res\000092.png,data/Own\high_res\000092.png
data/Own\low_res\000093.png,data/Own\high_res\000093.png
data/Own\low_res\000094.png,data/Own\high_res\000094.png
data/Own\low_res\000095.png,data/Own\high_res\000095.png
data/Own\low_res\000096.png,data/Own\high_res\000096.png
data/Own\low_res\000097.png,data/Own\high_res\000097.png
data/Own\low_res\000098.png,data/Own\high_res\000098.png
data/Own\low_res\000099.png,data/Own\high_res\000099.png
data/Own\low_res\000100.png,data/Own\high_res\000100.png
data/Own\low_res\000101.png,data/Own\high_res\000101.png
data/Own\low_res\000102.png,data/Own\high_res\000102.png
data/Own\low_res\000103.png,data/Own\high_res\000103.png
data/Own\low_res\000104.png,data/Own\high_res\000104.png
data/Own\low_res\000105.png,data/Own\high_res\000105.png
data/Own\low_res\000106.png,data/Own\high_res\000106.png
data/Own\low_res\000107.png,data/Own\high_res\000107.png
data/Own\low_res\000108.png,data/Own\high_res\000108.png
data/Own\low_res\000109.png,data/Own\high_res\000109.png
data/Own\low_res\000110.png,data/Own\high_res\000110.png
data/Own\low_res\000111.png,data/Own\high_res\000111.png
data/Own\low_res\000112.png,data/Own\high_res\000112.png
data/Own\low_res\000113.png,data/Own\high_res\000113.png
data/Own\low_res\000114.png,data/Own\high_res\000114.png
data/Own\low_res\000115.png,data/Own\high_res\000115.png
data/Own\low_res\000116.png,data/Own\high_res\000116.png
data/Own\low_res\000117.png,data/Own\high_res\000117.png
data/Own\low_res\000118.png,data/Own\high_res\000118.png
data/Own\low_res\000119.png,data/Own\high_res\000119.png
data/Own\low_res\000120.png,data/Own\high_res\000120.png
data/Own\low_res\000121.png,data/Own\high_res\000121.png
data/Own\low_res\000122.png,data/Own\high_res\000122.png
data/Own\low_res\000123.png,data/Own\high_res\000123.png
data/Own\low_res\000124.png,data/Own\high_res\000124.png
data/Own\low_res\000125.png,data/Own\high_res\000125.png
data/Own\low_res\000126.png,data/Own\high_res\000126.png
data/Own\low_res\000127.png,data/Own\high_res\000127.png
data/Own\low_res\000128.png,data/Own\high_res\000128.png
data/Own\low_res\000129.png,data/Own\high_res\000129.png
data/Own\low_res\000130.png,data/Own\high_res\000130.png
data/Own\low_res\000131.png,data/Own\high_res\000131.png
data/Own\low_res\000132.png,data/Own\high_res\000132.png
data/Own\low_res\000133.png,data/Own\high_res\000133.png
data/Own\low_res\000134.png,data/Own\high_res\000134.png
data/Own\low_res\000135.png,data/Own\high_res\000135.png
data/Own\low_res\000136.png,data/Own\high_res\000136.png
data/Own\low_res\000137.png,data/Own\high_res\000137.png
data/Own\low_res\000138.png,data/Own\high_res\000138.png
data/Own\low_res\000139.png,data/Own\high_res\000139.png
data/Own\low_res\000140.png,data/Own\high_res\000140.png
data/Own\low_res\000141.png,data/Own\high_res\000141.png
data/Own\low_res\000142.png,data/Own\high_res\000142.png
data/Own\low_res\000143.png,data/Own\high_res\000143.png
data/Own\low_res\000144.png,data/Own\high_res\000144.png
data/Own\low_res\000145.png,data/Own\high_res\000145.png
data/Own\low_res\000146.png,data/Own\high_res\000146.png
data/Own\low_res\000147.png,data/Own\high_res\000147.png
data/Own\low_res\000148.png,data/Own\high_res\000148.png
data/Own\low_res\000149.png,data/Own\high_res\000149.png
data/Own\low_res\000150.png,data/Own\high_res\000150.png
data/Own\low_res\000151.png,data/Own\high_res\000151.png
data/Own\low_res\000152.png,data/Own\high_res\000152.png
data/Own\low_res\000153.png,data/Own\high_res\000153.png
data/Own\low_res\000154.png,data/Own\high_res\000154.png
data/Own\low_res\000155.png,data/Own\high_res\000155.png
data/Own\low_res\000156.png,data/Own\high_res\000156.png
data/Own\low_res\000157.png,data/Own\high_res\000157.png
data/Own\low_res\000158.png,data/Own\high_res\000158.png
data/Own\low_res\000159.png,data/Own\high_res\000159.png
data/Own\low_res\000160.png,data/Own\high_res\000160.png
